batch_no,1000_kernel_weight_min,malt_foreign_matter,malt_friability,malt_moisture_max,malt_hot_water_extract_on_dry_weight_basis_min,ph_of_wort_extract_solution_hwe,malt_predicted_spirit_yield_min,fermentability_min,screening_above_2_5mm_sieve,screening_above_2_8mm_sieve,screening_below_2_2mm_sieve,grist_ratio_on_milling_1_course,grist_ratio_on_milling_1_medium,grist_ratio_on_milling_1_fine,grist_ratio_on_milling_2_course,grist_ratio_on_milling_2_medium,grist_ratio_on_milling_2_fine,grist_ratio_on_milling_3_course,grist_ratio_on_milling_3_medium,grist_ratio_on_milling_3_fine,grist_ratio_on_milling_mean_of_1_3_course,grist_ratio_on_milling_mean_of_1_3_medium,grist_ratio_on_milling_mean_of_1_3_fine,ph_process_water,total_dissolve_solids_max,hardness_max,chloride_max,alkalinity,free_chlorine,sensory,proteinase_t_enzyme_shelf_life_at_the_time_of_use_min,date_of_mfg_a_proteinase_t,date_of_expiry_b_proteinase_t,date_of_use_c_proteinase_t,shelf_life_available_proteinase_t,optimash_tbg_enzyme_shelf_life_at_the_time_of_use,date_of_mfg_a_optimash_tbg,date_of_expiry_b_optimash_tbg,date_of_use_c_optimash_tbg,shelf_life_available_optimash_tbg,spezyme_alpha_nk_enzyme_shelf_life_at_the_time_of_use,date_of_mfg_a_spezyme_alpha_nk,date_of_expiry_b_spezyme_alpha_nk,date_of_use_c_spezyme_alpha_nk,shelf_life_available_spezyme_alpha_nk,diazyme_tga_enzyme_shelf_life_at_the_time_of_use,date_of_mfg_a_diazyme_tga,date_of_expiry_b_diazyme_tga,date_of_use_c_diazyme_tga,shelf_life_available_diazyme_tga,grist_case_weight,sparging_mashing_water_flow,sparging_mashing_totaliser,mashing_temperature,sparging_water_temperature,wort_receiver_temperature,mash_time,rest_recirculation,wort_collection_time,water_1st_sparge_volume,water_1st_sparge_temperature,water_2nd_sparge_volume,water_2nd_sparge_temperature,wort_collection_flow_rate,mash_vessel_turnaround_time,weak_wort_output_temperature,raking_arm_speed,draff_loss,dose_of_enzyme_1_proteinase_t,time_of_addition_of_enzyme_proteinase_t,temperature_in_mash_tun_proteinase_t,dose_of_enzyme_2_optimash_tbg,time_of_addition_of_enzyme_optimash_tbg,temperature_in_mashtun_optimash_tbg,dose_of_enzyme_3_spezyme_alpha_nk,time_of_addition_of_enzyme_spezyme_alpha_nk,temperature_in_mashtun_spezyme_alpha_nk,dose_of_enzyme_4_diazyme_tga,time_of_addition_of_enzyme_diazyme_tga,temperature_in_mash_tun_diazyme_tga,spent_lees_reused_kl,weak_wort_volume,mash_water_volume,total_grist_weight_loaded,grist_ratio_water,1st_wort_gravity_wort,1st_wort_turbidity_wort,set_up_wort_gravity_wort,wort_ph_wort,fermentable_sugar_optional_wort,wort_sensory_observation_wort
647,39.95,0.3,78.32,4.8,77.48, ,336.95, , , , ,18.42,74.9,6.9,18.2,74.9,6.9,18.42,74.9,6.9,18.42,74.9,6.9,7.21,251,120,38,80,nil,acceptable,0.41,2023-01-30 00:00:00,2025-04-30 00:00:00,2024-11-01 00:00:00,0.2192448233861145,2024-11-01 00:00:00,2024-12-23 00:00:00,2024-01-25 00:00:00,2024-11-01 00:00:00,0.39, ,2024-07-23 00:00:00,2024-07-25 00:00:00,2024-11-01 00:00:00,33.1, ,2024-02-24 00:00:00,2024-02-26 00:00:00,2024-11-01 00:00:00,62.5,7954,800,280,64.37,78.0,64.8,25,30,150,150,78.2,150,85.2,130,280,74.3,0.33,0.5,480,1.4,65.3,1000,3.1,64.8,2000,2.5,64.8,2600,02:30:00,64.8,,180,100,7954,00:01:04.250000,1.076,298,1.058,5.19,14.5,"sugeery, cerial"
665,38.21,0.3,78.39,4.48,77.87, ,339.41, , , , ,17.3,75.8,6.9,,,,,,,17.3,75.8,6.9,7.92,174,135,43,80,Nil,acceptable,,2023-01-30 00:00:00,2025-04-30 00:00:00,2024-11-05 00:00:00,17.9,0.2143727161997564,2024-12-23 00:00:00,2024-01-25 00:00:00,2024-11-05 00:00:00,38.0, ,2024-07-23 00:00:00,2024-07-25 00:00:00,2024-11-05 00:00:00,32.6, ,2024-02-24 00:00:00,2024-02-26 00:00:00,2024-11-05 00:00:00,62.0,7992,800,280,65.0,78.0,67.0,25,30,150,150,78.0,150,85.2,130,280,74.0,0.33,0.48,480,1.4,65.3,1000,2.0,65.3,2000,3.0,65.3,2600,2,65.3,,180,100,7992,00:01:04.250000,1.076,298,1.059,5.19,14.57, 
681,37.81,0.3,77.96,4.49,77.51, ,337.35, , , , ,17.9,75.3,6.8,,,,,,,17.9,75.3,6.8,7.33,187,135,40,80,NIL,ACCEPTABLE,,2023-02-01 00:00:00,2024-04-25 00:00:00,2024-11-08 00:00:00,17.5, ,2024-12-23 00:00:00,2024-06-25 00:00:00,2024-11-08 00:00:00,37.4, ,2024-07-23 00:00:00,2024-07-25 00:00:00,2024-11-08 00:00:00,32.1, ,2024-02-24 00:00:00,2024-02-26 00:00:00,2024-11-08 00:00:00,61.6,7980,800,280,65.3,78.0,66.5,25,30,150,150,78.9,150,82.1,130,280,75.3,0.33,0.5,480,1.4,65.3,1000,2.0,65.8,2000,2.0,65.3,2600,2,65.3,,180,100,7980,00:01:04.250000,1.076,296,1.058,5.17,14.5, 
697,37.11,0.3,78.49,4.27,77.45, ,337.74, , , , ,18.81,75.09,6.1,,,,,,,18.81,75.09,6.1,7.21,229,130,44,80,NIL, ,,2023-02-02 00:00:00,2024-04-25 00:00:00,2024-11-11 00:00:00,17.2, ,2024-12-23 00:00:00,2024-06-25 00:00:00,2024-11-24 00:00:00,36.9, ,2024-07-23 00:00:00,2024-07-25 00:00:00,2024-11-24 00:00:00,31.7, ,2024-02-24 00:00:00,2024-02-26 00:00:00,2024-11-24 00:00:00,61.1,8016,800,280,,78.0,68.0,25,30,150,150,78.4,150,85.2,130,280,73.9,0.33,0.55,480,1.4,,1000,2.0,65.4,2000,3.0,65.4,2600,2,65.4,,180,100,8016,00:01:04.250000,1.076,298,1.058,5.21,14.5, 
712,38.12,0.3,78.4,4.57,77.37, ,337.58, , , , ,17.4,75.79,6.81,,,,,,,17.4,75.79,6.81,7.09,210,100,44,70,NIL, ,,2023-02-03 00:00:00,2024-04-25 00:00:00,2024-11-14 00:00:00,16.8, ,2024-12-23 00:00:00,2024-06-25 00:00:00,2024-11-24 00:00:00,36.3, ,2024-07-23 00:00:00,2024-07-25 00:00:00,2024-11-24 00:00:00,31.3, ,2024-02-24 00:00:00,2024-02-26 00:00:00,2024-11-24 00:00:00,60.7,7995,800,280,65.6,68.0,70.0,25,30,150,150,78.4,150,85.2,130,280,75.3,0.33,0.5,480,1.4,65.1,1000,2.0,65.1,2000,3.0,65.1,2600,2,65.0,,180,100,7995,00:01:04.250000,1.076,297,1.058,5.19,14.5, 
727,37.5,0.3,78.51,4.46,77.71, ,337.04, , , , ,18.09,75.13,6.78,,,,,,,18.09,75.13,6.78,7.2,208,105,41,70,NIL, ,,2023-02-04 00:00:00,2024-04-25 00:00:00,2024-11-17 00:00:00,16.4, ,2024-12-23 00:00:00,2024-06-25 00:00:00,2024-11-24 00:00:00,35.8, ,2023-12-01 00:00:00,2025-12-01 00:00:00,2024-11-24 00:00:00,51.8, ,2024-02-24 00:00:00,2024-02-26 00:00:00,2024-11-24 00:00:00,60.3,7996,800,280,,78.0,,25,30,150,150,78.5,150,85.6,130,280,76.2,0.33,0.5,480,1.4,,1000,2.0,,2000,3.0,,2600,2,,,180,100,7996,00:01:04.250000,1.076,296,1.059,5.19,14.75, 
745,39.12,0.4,72.21,4.44,77.67, ,337.12, , , , ,18.2,75.1,6.7,,,,,,,18.2,75.1,6.7,7.21,220,102,40,70,NIL,ACCEPTABLE,,2023-02-05 00:00:00,1935-04-01 00:00:00,2024-11-21 00:00:00,16.0, ,2024-12-23 00:00:00,2024-06-25 00:00:00,2024-11-21 00:00:00,35.0, ,2023-12-01 00:00:00,2025-12-01 00:00:00,2024-11-21 00:00:00,51.3, ,2024-02-24 00:00:00,2024-02-26 00:00:00,2024-11-21 00:00:00,59.8,7962,800,280,65.5,78.0,67.0,25,30,150,150,79.5,150,82.9,150,280,73.9,0.33,0.48,480,1.4,65.4,1000,2.0,65.4,2000,3.0,65.4,2600,2,64.5,,180,100,7962,00:01:04.250000,1.076,306,1.056,5.22,14.0, 
761,38.58,0.34,78.5,4.68,77.51, ,337.28, ,93.1,75.2,1.6,17.3,75.8,6.8,,,,,,,17.3,75.8,6.8,7.57,210,107,55,90,NIL, ,,2023-02-06 00:00:00,2024-04-25 00:00:00,2024-11-24 00:00:00,15.6, ,2024-12-23 00:00:00,2024-06-25 00:00:00,2024-11-24 00:00:00,34.5, ,2023-12-01 00:00:00,2025-12-01 00:00:00,2024-11-24 00:00:00,50.9, ,2024-02-24 00:00:00,2024-02-26 00:00:00,2024-11-24 00:00:00,59.4,7965,800,280,65.2,78.0,68.0,25,30,150,150,78.2,150,85.3,130,280,75.1,0.33,0.56,480,1.4,65.3,1000,2.0,65.2,2000,3.0,65.2,2600,2,65.0,,180,100,7965,00:01:04.250000,1.075,292,1.057,5.17,14.25, 
780,38.23,0.4,70.62,4.39,77.5, ,337.81, ,93.3,75.7,1.6,17.33868,75.8,6.8,,,,,,,17.3,75.8,6.8,7.37,197,90,38,60,nil,accept,,2023-02-07 00:00:00,2024-04-25 00:00:00,2024-11-29 00:00:00,15.0, ,2024-12-23 00:00:00,2024-06-25 00:00:00,2024-11-24 00:00:00,33.6, ,2023-12-01 00:00:00,2025-12-01 00:00:00,2024-11-29 00:00:00,50.2, ,2024-02-24 00:00:00,2024-02-26 00:00:00,2024-11-29 00:00:00,58.7,7900,800,280,65.2,,,25,30,150,150,78.8,150,85.1,130,280,75.1,0.33,0.52,480,2.0,65.2,1000,2.0,65.2,2000,3.0,65.2,2600,2,65.2,,180,100,7900,00:01:04.250000,1.077,309,1.058,5.15,14.5, 
798,38.13,0.4,71.82,4.34,77.87,,337.43,,94.1,75.1,0.5,18.2,75.0,6.8,,,,,,,18.2,75.0,6.8,6.95,211,100,41,70,nil,Accept,,2023-02-08 00:00:00,2024-04-25 00:00:00,2024-12-07 00:00:00,14.0,3.36,2024-12-23 00:00:00,2024-06-25 00:00:00,2024-12-07 00:00:00,32.1,,2023-12-01 00:00:00,2025-12-01 00:00:00,2024-12-07 00:00:00,49.1,,2024-02-24 00:00:00,2024-02-26 00:00:00,2024-12-07 00:00:00,57.6,7813,800,280,65.1,,,25,30,150,150,78.4,150,85.2,130,280,75.1,0.33,0.6,480,2.0,65.1,1000,2.0,65.1,2000,3.0,65.1,2600,2,65.1,,180,100,7813,1:4.25.,1.075,303,1.058,5.17,14.5, 
824,38.42,0.3,74.82,4.45,77.5,,338.73,,92.76,75.63,1.56,,,,,,,,,,18.19,74.97,6.84,7.44,229,105,38,70,nil,accept,,2023-06-01 00:00:00,2025-06-01 00:00:00,2024-12-12 00:00:00,23.4,100.8,2024-12-23 00:00:00,2024-06-25 00:00:00,2024-12-12 00:00:00,31.2,,2023-12-01 00:00:00,2025-12-01 00:00:00,2024-12-12 00:00:00,48.4,,2024-03-24 00:00:00,2024-03-26 00:00:00,2024-12-12 00:00:00,60.8,7900,800,280,65.3,,,25,30,150,150,78.8,150,85.1,130,280,73.4,0.33,0.35,480,2.0,65.3,1000,2.0,65.3,2000,3.0,65.3,2600,2,65.3,,180,100,7900,1:4.25.,1.076,300,1.057,5.22,,
844,39.15,0.3,76.08,4.68,77.49,,337.16,,91.23,73.05,0.501,,,,,,,,,,18.31,74.92,6.76,7.04,219,105,41,70,nil,accept,,2023-06-01 00:00:00,2025-06-01 00:00:00,2024-12-16 00:00:00,0.228454172366621,,2023-12-01 00:00:00,2025-06-01 00:00:00,2024-12-16 00:00:00,0.3047445255474452,,2023-12-01 00:00:00,2025-12-01 00:00:00,2024-12-16 00:00:00,47.9,,2024-03-24 00:00:00,2024-03-26 00:00:00,2024-12-16 00:00:00,60.3,7972,800,280,65.2,,,25,30,150,150,78.0,150,85.0,130,280,74.7,0.33,0.49,480,2.0,65.2,1000,2.0,65.2,2000,3.0,65.2,2600,2,65.2,,180,100,7972,1:4.25.,1.075,285,1.058,5.22,,
859,39.22,0.3,76.26,4.55,77.49,,338.21,,94.041,77.12,1.29,,,,,,,,,,18.15,75.01,6.85,6.96,233,115,40,70,nil,accept,,2023-06-01 00:00:00,2025-06-01 00:00:00,2024-12-19 00:00:00,0.2243502051983584,,2023-12-01 00:00:00,2025-06-01 00:00:00,2024-12-19 00:00:00,0.2992700729927007,,2023-12-01 00:00:00,2025-12-01 00:00:00,2024-12-19 00:00:00,47.5,,2024-03-24 00:00:00,2024-03-26 00:00:00,2024-12-19 00:00:00,59.9,7981,800,280,65.2,,,25,30,150,150,78.5,150,85.1,130,280,73.5,0.33,0.39,480,2.0,65.2,1000,2.0,65.2,2000,3.0,65.2,2600,2,65.2,,180,100,7981,1:4.25.,1.077,296,1.059,5.17,,
879,39.1,0.3,77.08,4.41,77.7,,335.95,,93.371,75.55,1.26,,,,,,,,,,18.12,75.02,6.86,7.18,231,115,42,70,nil,accept,,2023-06-01 00:00:00,2025-06-01 00:00:00,2024-12-23 00:00:00,0.2188782489740082,,2023-12-01 00:00:00,2025-06-01 00:00:00,2024-12-23 00:00:00,0.291970802919708,,2023-12-01 00:00:00,2025-12-01 00:00:00,2024-12-23 00:00:00,46.9,,2024-03-24 00:00:00,2024-03-26 00:00:00,2024-12-23 00:00:00,59.3,7969,800,280,65.3,,,25,30,150,150,78.2,150,85.1,130,280,72.6,0.33,0.39,480,2.0,65.3,1000,2.0,65.3,2000,3.0,65.3,2600,2,65.3,,180,100,7969,1:4.25.,1.077,296,1.058,5.2,,
895,39.22,0.4,77.18,4.62,77.58, ,336.37, ,93.863,75.621,1.339,,,,,,,,,,18.12,75.02,6.86,7.11,221,110,41,80,nil,accept,,2023-06-01 00:00:00,2025-06-01 00:00:00,26-12-2024,,,2023-12-01 00:00:00,2025-06-01 00:00:00,26-12-2024,, ,2023-12-01 00:00:00,2025-12-01 00:00:00,26-12-2024,,,2024-03-01 00:00:00,2026-03-01 00:00:00,26-12-2024,,7985,800,280,65.2,78.0,73.0,25,30,150,150,78.4,150,85.0,130,280,73.3,0.33,0.52,480,2.0,65.2,1000,2.0,65.2,2000,3.0,65.2,2600,2,65.2, ,180,100,7985,1:4.25.,1.076,312,1.058,5.16,14.5,
917,39.22,0.4,76.99,4.49,77.48, ,337.3, ,95.434,75.893,1.69,,,,,,,,,,18.12,75.02,6.86,7.02,191,100,38,70,nil,accept,,2023-06-01 00:00:00,2025-06-01 00:00:00,31-12-2024,,,2023-12-01 00:00:00,2025-06-01 00:00:00,31-12-2024,, ,2023-12-01 00:00:00,2025-12-01 00:00:00,31-12-2024,, ,2024-03-01 00:00:00,2026-03-01 00:00:00,31-12-2024,,7993,800,280,65.2,78.0,72.0,25,30,150,150,78.6,150,85.1,130,280,73.2,0.33,0.51,480,2.0,65.2,1000,2.0,65.2,2000,3.0,65.2,2600,2,65.2, ,180,100,7993,1:4.25.,1.075,303,1.058,5.21,14.5,
935,38.52,0.4,76.99,4.63,77.72, ,338.11, ,94.146,77.021,1.535,,,,,,,,,,18.11,75.02,6.86,7.13,229,120,43,70,nil,accept,,2023-06-01 00:00:00,2025-06-01 00:00:00,2025-01-03 00:00:00,0.2038303693570451, ,2023-12-01 00:00:00,2025-06-01 00:00:00,2025-01-03 00:00:00,0.2718978102189781, ,2023-12-01 00:00:00,2025-12-01 00:00:00,2025-01-03 00:00:00,0.454172366621067, ,2024-03-01 00:00:00,2026-03-01 00:00:00,2025-01-03 00:00:00,0.5780821917808219,7985,800,280,65.1,78.0,73.0,25,30,150,150,78.6,150,85.2,130,280,72.3,0.33,0.52,480,2.0,65.1,1000,2.0,65.1,2000,3.0,65.1,2600,2,65.1, ,180,100,7985,1:4.25.,1.075,304,1.057,5.15,14.25,
950,39.84,0.4,76.84,4.48,77.53, ,339.43, ,95.937,76.545,1.031,,,,,,,,,,18.08,75.08,6.84,7.07,218,100,38,70,nil,accept,,2023-06-01 00:00:00,2025-06-01 00:00:00,2025-01-07 00:00:00,0.1983584131326949, ,2023-12-01 00:00:00,2025-06-01 00:00:00,2025-01-07 00:00:00,0.2645985401459854, ,2023-12-01 00:00:00,2025-12-01 00:00:00,2025-01-07 00:00:00,0.4487004103967168, ,2024-03-01 00:00:00,2026-03-01 00:00:00,2025-01-07 00:00:00,0.5726027397260274,7938,800,280,65.4,78.0,74.0,25,30,150,150,78.8,150,85.0,130,280,73.3,0.33,0.6,480,2.0,65.4,1000,2.0,65.4,2000,3.0,65.4,2600,2,65.4, ,180,100,7938,1:4.25.,1.075,305,1.058,5.19,14.5,
964,39.48,0.3,75.11,4.24,77.49, ,339.17, ,93.433,74.512,1.375,,,,,,,,,,17.91,75.27,6.82,7.13,257,130,44,80,nil,accept,,2023-06-01 00:00:00,2025-06-01 00:00:00,2025-01-10 00:00:00,0.1942544459644322, ,2023-12-01 00:00:00,2025-06-01 00:00:00,2025-01-10 00:00:00,0.2591240875912409, ,2023-12-01 00:00:00,2025-12-01 00:00:00,2025-01-11 00:00:00,0.4432284541723666, ,2024-03-01 00:00:00,2026-03-01 00:00:00,2025-01-10 00:00:00,0.5684931506849316,7988,800,280,65.0,77.0,75.0,25,30,150,150,78.3,150,85.1,130,280,72.8,0.33,0.57,480,2.0,65.0,1000,2.0,65.0,2000,3.0,65.0,2600,2,65.0, ,180,100,7988,1:4.25.,1.076,308,1.056,5.16,14.0,
980,39.22,0.4,75.57,4.49,77.4, ,336.96, ,93.863,75.621,1.339,,,,,,,,,,17.42,75.69,6.88,7.45,244,115,38,70,nil,accept,,2023-06-01 00:00:00,2025-06-01 00:00:00,2025-01-13 00:00:00,0.1901504787961696, ,2023-12-01 00:00:00,2025-06-01 00:00:00,13-01-2025,, ,2023-12-01 00:00:00,2025-12-01 00:00:00,13-01-2025,, ,2024-03-01 00:00:00,2026-03-01 00:00:00,13-01-2025,,7954,800,280,65.3,77.0,76.0,25,30,150,150,78.1,150,85.0,130,280,72.6,0.33,0.6,480,2.0,65.3,1000,2.0,65.3,2000,3.0,65.3,2600,2,65.3, ,180,100,7954,1:4.25.,1.076,312,1.058,5.22,14.5,
998,39.32,0.3,74.68,4.48,77.89, ,337.54, ,92.432,74.54,1.5,,,,,,,,,,17.41,75.72,6.87,7.32,232,125,41,70,nil,accept,,2023-06-01 00:00:00,2025-06-01 00:00:00,17-01-2025,, ,2023-12-01 00:00:00,2025-06-01 00:00:00,17-01-2025,, ,2023-12-01 00:00:00,2025-12-01 00:00:00,17-01-2025,, ,2024-03-01 00:00:00,2026-03-01 00:00:00,17-01-2025,,7980,800,280,65.0,79.0,73.0,25,30,150,150,78.2,150,85.3,130,280,74.8,0.33,0.52,480,2.0,65.0,1000,2.0,65.0,2000,3.0,65.0,2600,2,65.0, ,180,100,7980,1:4.25.,1.075,309,1.058,5.17,14.5,
1014,39.2,0.3,75.53,4.52,77.76, ,338.61, ,93.113,74.35,1.76,,,,,,,,,,17.77,75.41,6.81,7.3,222,110,40,80,nil,accept,,2023-06-01 00:00:00,2025-06-01 00:00:00,2025-01-20 00:00:00,0.1805745554035567, ,2023-12-01 00:00:00,2025-06-01 00:00:00,2025-01-20 00:00:00,0.2408759124087591, ,2023-12-01 00:00:00,2025-12-01 00:00:00,2025-01-20 00:00:00,0.4309165526675786, ,2024-03-01 00:00:00,2026-03-01 00:00:00,20-01-2025,,7980,800,280,65.4,78.0,74.0,25,30,150,150,78.2,150,85.2,130,280,73.2,0.33,0.52,480,2.0,65.4,1000,2.0,65.4,2000,3.0,65.4,2600,2,65.4, ,180,100,7980,1:4.25.,1.075,303,1.058,,14.5,
1030,38.19,0.3,73.42,4.39,77.91,,338.36,,93.307,74.544,1.797,,,,,,,,,,17.8,75.29,6.91,7.11,114,100,32,60,nil,accept,,2023-06-01 00:00:00,2025-06-01 00:00:00,2025-01-23 00:00:00,0.1764705882352941,,2023-06-01 00:00:00,2025-06-01 00:00:00,2025-01-23 00:00:00,0.1764705882352941, ,2024-03-01 00:00:00,2026-03-01 00:00:00,2025-01-23 00:00:00,0.5506849315068493, ,2024-04-01 00:00:00,2026-04-01 00:00:00,2025-01-23 00:00:00,0.5931506849315068,7982,800,280,65.1,78.0,,25,30,150,150,78.6,150,85.1,130,280,,0.33,0.6,480,2.0,65.1,1000,2.0,65.1,2000,3.0,65.1,2600,2,65.1, ,180,100,7982,1:4.25.,1.076,296,1.057,5.19,,
1047,37.12,0.3,76.11,4.48,77.64,,339.47,,93.805,76.263,1.273,,,,,,,,,,17.78,75.35,6.87,7.09,100,105,32,70,nil,accept,,2023-06-01 00:00:00,2025-06-01 00:00:00,2025-01-27 00:00:00,0.1709986320109439,,2023-06-01 00:00:00,2025-06-01 00:00:00,2025-01-27 00:00:00,0.1709986320109439, ,2024-03-01 00:00:00,2026-03-01 00:00:00,2025-01-27 00:00:00,0.5452054794520548, ,2024-04-01 00:00:00,2026-04-01 00:00:00,2025-01-27 00:00:00,0.5876712328767123,7961,800,280,65.4,78.0,,25,30,150,150,78.8,150,85.2,130,280,,0.33,0.49,480,2.0,65.4,1000,2.0,65.4,2000,3.0,65.4,2600,2,65.4, ,180,100,7961,1:4.25.,1.075,303,1.058,5.16,,
1067,38.8,0.3,73.62,4.58,77.52,,337.51,,93.434,75.894,1.689,,,,,,,,,,17.94,75.23,6.82,6.98,121,100,16,60,nil,accept,,2023-06-01 00:00:00,2025-06-01 00:00:00,2025-01-31 00:00:00,0.1655266757865937,,2023-06-01 00:00:00,2025-06-01 00:00:00,2025-01-31 00:00:00,0.1655266757865937, ,2024-03-01 00:00:00,2026-03-01 00:00:00,2025-01-31 00:00:00,0.5397260273972603, ,2024-04-01 00:00:00,2026-04-01 00:00:00,2025-01-31 00:00:00,0.5821917808219178,7986,800,280,65.1,78.1,,25,30,150,150,78.2,150,85.2,130,280,,0.33,0.6,480,2.0,65.1,1000,2.0,65.1,2000,3.0,65.1,2600,2,65.1, ,180,100,7986,1:4.25.,1.075,295,1.057,5.21,,
1084,38.56,0.3,75.62,4.51,77.49,,338.84,,92.396,73.654,1.36,,,,,,,,,,18.05,75.12,6.83,7.14,114,100,16,70,nil,accept,,2023-06-01 00:00:00,2025-06-01 00:00:00,2025-02-04 00:00:00,0.1600547195622435,,2023-06-01 00:00:00,2025-06-01 00:00:00,2025-02-04 00:00:00,0.1600547195622435, ,2024-03-01 00:00:00,2026-03-01 00:00:00,2025-02-04 00:00:00,0.5342465753424658, ,2024-04-01 00:00:00,2026-04-01 00:00:00,2025-02-04 00:00:00,0.5767123287671233,7980,800,280,65.0,78.1,,25,30,150,150,78.8,150,85.2,130,280,,0.33,0.55,480,2.0,65.0,1000,2.0,65.0,2000,3.0,65.0,2600,2,65.0, ,180,100,7980,1:4.25.,1.075,309,1.057,5.19,,
1111,39.17,0.3,75.12,4.61,77.67,,338.0,,93.487,74.566,1.759,,,,,,,,,,19.0,76.0,5.0,7.07,92,100,13,70,nil,accept,,2023-06-01 00:00:00,2025-06-01 00:00:00,2025-02-09 00:00:00,0.1532147742818057,,2023-06-01 00:00:00,2025-06-01 00:00:00,2025-02-09 00:00:00,0.1532147742818057, ,2024-03-01 00:00:00,2026-03-01 00:00:00,2025-02-09 00:00:00,0.5273972602739726, ,2024-04-01 00:00:00,2026-04-01 00:00:00,2025-02-09 00:00:00,0.5698630136986301,7992,800,280,65.5,78.2,,25,30,150,150,78.8,150,85.2,130,280,,0.33,0.52,480,2.0,65.5,1000,2.0,65.5,2000,3.0,65.5,2600,2,65.5, ,180,100,7992,1:4.25.,1.075,303,1.058,5.22,,
1129,39.27,0.3,76.48,4.52,77.81,,337.66,,76.099,74.556,1.899,,,,,,,,,,18.0,75.0,7.0,7.02,135,150,25,80,nil,accept,,2023-06-01 00:00:00,2025-06-01 00:00:00,2025-02-13 00:00:00,0.1477428180574555,,2023-06-01 00:00:00,2025-06-01 00:00:00,2025-02-13 00:00:00,0.1477428180574555, ,2024-03-01 00:00:00,2026-03-01 00:00:00,2025-02-13 00:00:00,0.5219178082191781, ,2024-04-01 00:00:00,2026-04-01 00:00:00,2025-02-13 00:00:00,0.5643835616438356,7988,800,280,65.8,77.0,,25,30,150,150,78.8,150,85.2,130,280,,0.33,0.52,480,2.0,65.8,1000,2.0,65.8,2000,3.0,65.8,2600,2,65.8, ,180,100,7988,1:4.25.,1.075,302,1.058,5.16,,
1147,39.1,0.3,78.0,4.61,77.95,,337.75,78,93.69,75.824,1.508,,,,,,,,,,18.0,75.0,7.0,7.01,98,100,15,60,nil,accept,,2023-06-01 00:00:00,2025-06-01 00:00:00,2025-02-17 00:00:00,0.1422708618331053,,2023-06-01 00:00:00,2025-06-01 00:00:00,2025-02-17 00:00:00,0.1422708618331053,,2024-03-01 00:00:00,2026-03-01 00:00:00,2025-02-17 00:00:00,0.5164383561643836,,2024-04-01 00:00:00,2026-04-01 00:00:00,2025-02-17 00:00:00,0.5589041095890411,7988,800,280,65.1,78.0,,25,30,150,150,77.7,150,85.6,130,280,,0.33,0.52,480,2.0,65.1,1000,2.0,65.1,2000,3.0,65.1,2600,2,65.1, ,180,100,7978,1:4.25.,1.075,310,1.058,5.2,,
1162,38.42,0.3,77.79,4.43,78.14,,338.39,77.79,92.668,74.566,1.569,,,,,,,,,,20.0,72.0,8.0,7.11,135,200,21,80,nil,accept,,2023-06-01 00:00:00,2025-06-01 00:00:00,2025-02-21 00:00:00,0.1367989056087551,,2023-06-01 00:00:00,2025-06-01 00:00:00,2025-02-21 00:00:00,0.1367989056087551,,2024-03-01 00:00:00,2026-03-01 00:00:00,2025-02-21 00:00:00,0.510958904109589,,2024-04-01 00:00:00,2026-04-01 00:00:00,2025-02-21 00:00:00,0.5534246575342465,7988,800,280,65.3,78.0,,25,30,150,150,78.0,150,86.0,130,280,,0.33,0.52,480,2.0,65.3,1000,2.0,65.3,2000,3.0,65.3,2600,2,65.3, ,180,100,7994,1:4.25.,1.075,302,1.058,5.17,,
1180,38.43,0.3,77.72,4.54,77.52,,336.36,77.72,93.822,76.102,1.378,,,,,,,,,,18.0,75.0,7.0,7.01,119,150,18,80,nil,accept,,2023-06-01 00:00:00,2025-06-01 00:00:00,2025-02-25 00:00:00,0.1313269493844049,,2023-06-01 00:00:00,2025-06-01 00:00:00,2025-02-25 00:00:00,0.1313269493844049,,2024-03-01 00:00:00,2026-03-01 00:00:00,2025-02-25 00:00:00,0.5054794520547945,,2024-04-01 00:00:00,2026-04-01 00:00:00,2025-02-25 00:00:00,0.547945205479452,7988,800,280,65.6,77.5,,25,30,150,150,78.3,150,86.1,130,280,,0.33,0.6,480,2.0,65.6,1000,2.0,65.6,2000,3.0,65.6,2600,2,65.6, ,180,100,7985,1:4.25.,1.075,302,1.058,5.16,,
1196,39.95,0.3,78.32,4.59,77.4,,336.09,77.58,93.739,76.199,1.256,,,,,,,,,,17.9,75.3,6.8,7.18,191,200,28,80,nil,accept,,2023-11-01 00:00:00,2025-11-01 00:00:00,2025-03-04 00:00:00,0.3310533515731874,,2023-06-01 00:00:00,2025-06-01 00:00:00,2025-03-04 00:00:00,0.121751025991792,,2024-03-01 00:00:00,2026-03-01 00:00:00,2025-03-04 00:00:00,0.4958904109589041,,2024-06-01 00:00:00,2026-06-01 00:00:00,2025-03-04 00:00:00,0.6219178082191781,7897,800,280,65.1,77.4,,25,30,150,150,78.4,150,85.3,130,280,,0.33,0.55,480,2.0,65.1,1000,2.0,65.1,2000,3.0,65.1,2600,2,65.1,,180,100,7897,1:4.25.,1.075,302,1.057,5.19,,
1214,38.21,0.3,78.39,4.73,77.33,,338.18,77.45,93.56899999999999,75.689,1.66,,,,,,,,,,17.773,75.368,6.859,7.16,177,150,28,70,nil,accept,,2023-11-01 00:00:00,2025-11-01 00:00:00,2025-03-08 00:00:00,0.3255813953488372,,2023-06-01 00:00:00,2025-06-01 00:00:00,2025-03-08 00:00:00,0.1162790697674418,,2024-03-01 00:00:00,2026-03-01 00:00:00,2025-03-08 00:00:00,0.4904109589041096,,2024-06-01 00:00:00,2026-06-01 00:00:00,2025-03-08 00:00:00,0.6164383561643836,7989,800,280,65.3,78.1,,25,30,150,150,78.6,150,85.6,130,280,,0.33,0.6,480,2.0,65.3,1000,2.0,65.3,2000,3.0,65.3,2600,2,65.3,,180,100,7989,1:4.25.,1.077,300,1.057,5.2,,
1230,37.81,0.3,77.96,4.66,77.52,,337.38,77.98,92.523,73.981,1.79,,,,,,,,,,18.048,75.105,6.848,7.02,141,150,16,80,nil,accept,,2023-11-01 00:00:00,2025-11-01 00:00:00,2025-03-11 00:00:00,0.3214774281805745,,2023-06-01 00:00:00,2025-06-01 00:00:00,2025-03-11 00:00:00,0.1121751025991792,,2024-03-01 00:00:00,2026-03-01 00:00:00,2025-03-11 00:00:00,0.4863013698630137,,2024-06-01 00:00:00,2026-06-01 00:00:00,2025-03-11 00:00:00,0.6123287671232877,7981,800,280,65.4,78.3,,25,30,150,150,78.5,150,85.1,130,280,,0.33,0.52,480,2.0,65.4,1000,2.0,65.4,2000,3.0,65.4,2600,2,65.4,,180,100,7981,1:4.25.,1.075,299,1.057,5.15,,
1245,37.11,0.3,78.49,4.21,78.32,,337.57,78.12,94.423,77.002,1.075,,,,,,,,,,17.395,75.751,6.854,7.12,132,150,18,70,nil,accept,,2023-11-01 00:00:00,2025-11-01 00:00:00,2025-03-15 00:00:00,0.3160054719562243,,2023-06-01 00:00:00,2025-06-01 00:00:00,2025-03-15 00:00:00,0.106703146374829,,2024-03-01 00:00:00,2026-03-01 00:00:00,2025-03-15 00:00:00,0.4808219178082192,,2024-06-01 00:00:00,2026-06-01 00:00:00,2025-03-15 00:00:00,0.6068493150684932,7980,800,280,65.0,78.3,,25,30,150,150,78.2,150,85.0,130,280,,0.33,0.55,480,2.0,65.0,1000,2.0,65.0,2000,3.0,65.0,2600,2,65.0,,180,100,7980,1:4.25.,1.075,298,1.057,5.15,,
1260,38.12,0.3,78.4,4.21,78.32,,338.18,77.77,92.465,73.944,1.732,,,,,,,,,,17.325,75.815,6.859,7.01,132,150,16,70,nil,accept,,2023-11-01 00:00:00,2025-11-01 00:00:00,2025-03-18 00:00:00,0.3119015047879617,,2023-06-01 00:00:00,2025-06-01 00:00:00,2025-03-18 00:00:00,0.1025991792065663,,2024-03-01 00:00:00,2026-03-01 00:00:00,2025-03-18 00:00:00,0.4767123287671233,,2024-06-01 00:00:00,2026-06-01 00:00:00,2025-03-18 00:00:00,0.6027397260273972,7984,800,280,65.8,78.0,,25,30,150,150,78.8,150,85.1,130,280,,0.33,0.52,480,2.0,65.8,1000,2.0,65.8,2000,3.0,65.8,2600,2,65.8,,180,100,7984,1:4.25.,1.075,296,1.058,5.16,,
1276,37.5,0.3,78.51,4.5,77.46,,338.72,77.88,93.547,75.893,1.908,,,,,,,,,,17.937,75.283,6.78,7.05,117,150,14,70,nil,accept,,2023-11-01 00:00:00,2025-11-01 00:00:00,2025-03-22 00:00:00,0.3064295485636115,,2023-06-01 00:00:00,2025-06-01 00:00:00,2025-03-22 00:00:00,0.0971272229822161,,2024-03-01 00:00:00,2026-03-01 00:00:00,2025-03-22 00:00:00,0.4712328767123288,,2024-06-01 00:00:00,2026-06-01 00:00:00,2025-03-22 00:00:00,0.5972602739726027,7985,800,280,65.4,78.0,,25,30,150,150,78.6,150,85.2,130,280,,0.33,0.52,480,2.0,65.4,1000,2.0,65.4,2000,3.0,65.4,2600,2,65.4,,180,100,7985,1:4.25.,1.077,301,1.057,5.15,,
1294,39.01,0.4,76.26,4.41,77.77,,338.11,78.02,92.93199999999999,75.002,1.445,,,,,,,,,,18.019,75.208,6.773,7.21,135,150,16,70,nil,accept,,2023-11-01 00:00:00,2025-11-01 00:00:00,2025-03-26 00:00:00,0.3009575923392613,,2023-06-01 00:00:00,2025-06-01 00:00:00,2025-03-26 00:00:00,0.0916552667578659,,2024-03-01 00:00:00,2026-03-01 00:00:00,2025-03-26 00:00:00,0.4657534246575342,,2024-06-01 00:00:00,2026-06-01 00:00:00,2025-03-26 00:00:00,0.5917808219178082,7980,800,280,65.3,77.8,,25,30,150,150,78.1,150,85.2,130,280,,0.33,0.52,480,2.0,65.3,1000,2.0,65.3,2000,3.0,65.3,2600,2,65.3,,180,100,7980,1:4.25.,1.077,301,1.057,5.15,,
1312,38.51,0.03,75.54,4.58,78.12,,339.22,78.71,92.077,73.623,1.801,17.8,75.4,6.8,,,,,,,17.8,75.4,6.8,7.05,132,150,16,70,nil,accept,,2023-11-01 00:00:00,2025-11-01 00:00:00,2025-03-30 00:00:00,0.2954856361149111,,2023-06-01 00:00:00,2025-06-01 00:00:00,2025-03-30 00:00:00,0.0861833105335157,,2024-03-01 00:00:00,2026-03-01 00:00:00,2025-03-30 00:00:00,0.4602739726027397,,2024-06-01 00:00:00,2026-06-01 00:00:00,2025-03-30 00:00:00,0.5863013698630137,7965,800,280,65.7,78.4,,25,30,150,150,78.2,150,85.1,130,280,,0.33,0.55,480,2.0,65.3,1000,2.0,65.2,2000,3.0,65.5,2600,2,65.4,,180,100,7965,1:4.25.,1.076,305,1.057,5.2,,
14,37.9,0.3,76.02,4.33,77.85,,339.7,77.73,93.2,75.824,1.508,,,,,,,,,,17.2,75.2,6.8,7.02,251,100,41,70,nil,Accept,,2023-11-01 00:00:00,2025-11-01 00:00:00,2025-04-03 00:00:00,0.2900136798905608,,2023-06-01 00:00:00,2025-06-01 00:00:00,2025-04-03 00:00:00,0.0807113543091655,,2024-03-01 00:00:00,2026-03-01 00:00:00,2025-04-03 00:00:00,0.4547945205479452,,2024-06-01 00:00:00,2026-06-01 00:00:00,2025-04-03 00:00:00,0.5808219178082191,7860,800,280,65.2,78.2,,25,30,150,150,,150,,130,280,,0.33,0.5,480,2.0,65.0,1000,2.0,65.0,2000,3.0,65.5,2600,2,65.0,,180,100,7860,01:25:00,1.071,305,1.057,5.2,,
32,38.02,0.3,76.99,4.57,77.52,,337.48,77.74,94.02,74.566,1.569,,,,,,,,,,17.2,75.3,6.9,7.05,174,105,38,70,nil,accept,,2023-11-01 00:00:00,2025-11-01 00:00:00,2025-04-07 00:00:00,0.2845417236662106,,2023-06-01 00:00:00,2025-06-01 00:00:00,2025-04-07 00:00:00,0.0752393980848153,,2024-03-01 00:00:00,2026-03-01 00:00:00,2025-04-07 00:00:00,0.4493150684931506,,2024-06-01 00:00:00,2026-06-01 00:00:00,2025-04-07 00:00:00,0.5753424657534246,7982,800,280,65.4,78.5,,25,30,150,150,,150,,130,280,,0.33,0.55,480,2.0,65.3,1000,2.0,65.3,2000,3.0,65.0,2600,2,65.3,,180,100,7982,01:25:00,1.073,309,1.058,5.14,,
55,37.5,0.4,76.84,4.8,77.38,,336.54,78.08,95,76.102,1.378,,,,,,,,,,17.8,75.4,6.9,7.08,187,105,41,70,nil,accept,,2023-11-01 00:00:00,2025-11-01 00:00:00,2025-04-13 00:00:00,0.2763337893296854,,2023-06-01 00:00:00,2025-06-01 00:00:00,2025-04-13 00:00:00,0.06703146374829,,2024-03-01 00:00:00,2026-03-01 00:00:00,2025-04-13 00:00:00,0.4410958904109589,,2024-06-01 00:00:00,2026-06-01 00:00:00,2025-04-13 00:00:00,0.5671232876712329,7978,800,280,65.1,78.4,,25,30,150,150,,150,,130,280,,0.33,0.5,480,2.0,65.2,1000,2.0,65.3,2000,3.0,65.4,2600,2,65.3,,180,100,7978,01:25:00,1.072,300,1.057,5.16,,
78,38.0,0.4,75.11,4.62,77.39,,338.84,78.36,93.5,76.199,1.256,,,,,,,,,,17.8,75.4,6.9,7.1,229,115,40,70,nil,accept,,2023-11-01 00:00:00,2025-11-01 00:00:00,2025-04-18 00:00:00,0.2694938440492476,,2023-06-01 00:00:00,2025-06-01 00:00:00,2025-04-18 00:00:00,0.0601915184678522,,2024-03-01 00:00:00,2026-03-01 00:00:00,2025-04-18 00:00:00,0.4342465753424657,,2024-06-01 00:00:00,2026-06-01 00:00:00,2025-04-18 00:00:00,0.5602739726027397,7980,800,280,65.5,78.1,,25,30,150,150,,150,,130,280,,0.33,0.5,480,2.0,65.0,1000,2.0,65.2,2000,3.0,65.3,2600,2,65.2,,180,100,7980,01:25:00,1.073,296,1.058,5.2,,
92,38.45,0.3,75.57,4.65,77.83,,336.91,78.33,94,75.689,1.66,,,,,,,,,,17.8,75.4,6.8,7.2,210,115,42,70,nil,accept,,2023-11-01 00:00:00,2025-11-01 00:00:00,2025-05-04 00:00:00,0.2476060191518468,,2023-06-01 00:00:00,2025-06-01 00:00:00,2025-05-04 00:00:00,0.0383036935704514,,2024-03-01 00:00:00,2026-03-01 00:00:00,2025-05-04 00:00:00,0.4123287671232877,,2024-06-01 00:00:00,2026-06-01 00:00:00,2025-05-04 00:00:00,0.5383561643835616,7984,800,280,65.3,78.5,,25,30,150,150,,150,,130,280,,0.33,0.55,480,2.0,65.1,1000,2.0,65.2,2000,3.0,65.4,2600,2,65.2,,180,100,7978,01:25:00,1.072,301,1.057,5.15,,
107,37.6,0.3,74.68,4.65,77.48,,335.16,77.81,93.2,73.981,1.79,,,,,,,,,,17.4,75.2,6.4,7.0,208,110,41,80,nil,accept,,2023-11-01 00:00:00,2025-11-01 00:00:00,2025-05-08 00:00:00,0.2421340629274966,,2023-06-01 00:00:00,2025-06-01 00:00:00,2025-05-08 00:00:00,0.0328317373461012,,2024-03-01 00:00:00,2026-03-01 00:00:00,2025-05-08 00:00:00,0.4068493150684931,,2024-06-01 00:00:00,2026-06-01 00:00:00,2025-05-08 00:00:00,0.5328767123287671,7981,800,280,65.5,78.1,,25,30,150,150,,150,,130,280,,0.33,0.55,480,2.0,65.2,1000,2.0,65.1,2000,3.0,65.0,2600,2,65.1,,180,100,7980,01:25:00,1.071,304,1.057,5.2,,
125,38.11,0.3,75.62,4.49,77.49,,336.77,78.06,,,,,,,,,,,,,17.6,75.8,6.7,6.9,157,150,13,70,nil,accept,,2023-11-01 00:00:00,2025-11-01 00:00:00,2025-05-12 00:00:00,0.2366621067031463,,2023-06-01 00:00:00,2025-06-01 00:00:00,2025-05-12 00:00:00,0.027359781121751,,2024-03-10 00:00:00,2026-03-10 00:00:00,2025-05-12 00:00:00,0.4136986301369863,,2024-07-01 00:00:00,2026-07-01 00:00:00,2025-05-12 00:00:00,0.5684931506849316,7981,800,280,65.9,78.4,,25,30,150,150,78.0,150,85.4,130,280,,0.33,0.6,480,2.0,65.1,1000,2.0,65.2,2000,3.0,65.5,2600,2,64.8,,180,100,7980,1:4.25.,1.071,291,1.057,5.2,14.6,
142,39.15,0.3,77.58,4.37,77.76,,336.68,77.48,,,,,,,,,,,,,17.4,75.2,6.4,7.1,212,200,32,100,nil,accept,,2023-11-01 00:00:00,2025-11-01 00:00:00,2025-05-16 00:00:00,0.2311901504787961,,2023-06-01 00:00:00,2025-06-01 00:00:00,2025-05-16 00:00:00,0.0218878248974008,,2024-03-10 00:00:00,2026-03-10 00:00:00,2025-05-16 00:00:00,0.4082191780821917,,2024-07-01 00:00:00,2026-07-01 00:00:00,2025-05-16 00:00:00,0.563013698630137,7981,800,280,65.9,78.2,,25,30,150,150,78.6,150,85.2,130,280,,0.33,0.52,480,2.0,65.3,1000,2.0,65.1,2000,3.0,65.4,2600,2,65.3,,180,100,7880,1:4.25.,1.072,308,1.057,5.1,14.52,
164,38.84,0.2,79.12,4.81,77.39,,336.64,79.12,,,,,,,,,,,,,17.8,75.4,6.9,6.9,241,150,25,80,nil,accept,,2023-11-01 00:00:00,2025-11-01 00:00:00,2025-05-20 00:00:00,0.2257181942544459,,2023-06-01 00:00:00,2025-06-01 00:00:00,2025-05-20 00:00:00,0.0164158686730506,,2024-03-10 00:00:00,2026-03-10 00:00:00,2025-05-20 00:00:00,0.4027397260273972,,2024-07-01 00:00:00,2026-07-01 00:00:00,2025-05-20 00:00:00,0.5575342465753425,7980,800,280,65.5,78.8,,25,30,150,150,78.4,150,85.2,130,280,,0.33,0.55,480,2.0,65.4,1000,2.0,65.4,2000,3.0,65.0,2600,2,65.2,,180,100,7978,1:4.25.,1.072,309,1.056,5.1,14.5,
182,39.07,0.3,76.28,4.67,77.53,,337.31,77.89,,,,,,,,,,,,,17.8,75.4,6.8,7.1,133,150,13,70,nil,accept,,2023-11-01 00:00:00,2025-11-01 00:00:00,2025-05-24 00:00:00,0.2202462380300957,,2023-06-01 00:00:00,2025-06-01 00:00:00,2025-05-24 00:00:00,0.0109439124487004,,2024-03-10 00:00:00,2026-03-10 00:00:00,2025-05-24 00:00:00,0.3972602739726027,,2024-07-01 00:00:00,2026-07-01 00:00:00,2025-05-24 00:00:00,0.552054794520548,7982,800,280,65.8,78.5,,25,30,150,150,78.7,150,85.0,130,280,,0.33,,480,2.0,65.6,1000,2.0,65.5,2000,3.0,65.2,2600,2,65.5,,180,100,7982,1:4.25.,1.071,298,1.057,5.2,14.2,
201,38.14,0.2,75.77,4.53,77.15,,335.24,77.16,,,,,,,,,,,,,17.3,75.8,6.9,7.2,286,250,51,110,nil,accept,,2023-11-01 00:00:00,2025-11-01 00:00:00,2025-05-28 00:00:00,0.2147742818057455,,2024-11-01 00:00:00,2025-11-01 00:00:00,2025-05-28 00:00:00,0.4301369863013699,,2024-05-17 00:00:00,2026-05-17 00:00:00,2025-05-28 00:00:00,0.4849315068493151,,2024-07-01 00:00:00,2026-07-01 00:00:00,2025-05-28 00:00:00,0.5465753424657535,7985,800,280,65.7,78.6,,25,30,150,150,78.5,150,85.4,130,280,,0.33,,480,2.0,65.4,1000,2.0,65.6,2000,3.0,65.4,2600,2,65.6,,180,100,7985,1:4.25.,1.071,312,1.057,4.88,14.1,
220,38.58,0.2,75.07,4.7,77.21,,336.74,77.96,,,,,,,,,,,,,17.3,75.8,6.9,7.1,241,150,46,90,nil,accept,,2023-11-01 00:00:00,2025-11-01 00:00:00,2025-06-01 00:00:00,0.2093023255813953,,2024-11-01 00:00:00,2025-11-01 00:00:00,2025-06-01 00:00:00,0.4191780821917808,,2024-05-17 00:00:00,2026-05-17 00:00:00,2025-06-01 00:00:00,0.4794520547945205,,2024-07-01 00:00:00,2026-07-01 00:00:00,2025-06-01 00:00:00,0.541095890410959,7985,800,280,65.9,78.2,,25,30,150,150,78.4,150,85.1,130,280,,0.33,,480,2.0,65.6,1000,2.0,65.5,2000,3.0,65.5,2600,2,65.4,,180,100,7985,1:4.25.,1.072,312,1.057,5.21,14.4,
238,38.32,0.3,75.22,4.86,77.34,,335.98,78.49,,,,,,,,,,,,,17.7,75.5,6.8,7.4,205,200,31,80,nil,accept,,2023-11-01 00:00:00,2025-11-01 00:00:00,2025-06-05 00:00:00,0.2038303693570451,,2024-11-01 00:00:00,2025-11-01 00:00:00,2025-06-05 00:00:00,0.4082191780821917,,2024-05-17 00:00:00,2026-05-17 00:00:00,2025-06-05 00:00:00,0.473972602739726,,2024-07-01 00:00:00,2026-07-01 00:00:00,2025-06-05 00:00:00,0.5356164383561643,7980,800,280,65.9,78.5,,25,30,150,150,78.5,150,85.0,130,280,,0.33,,480,2.0,65.4,1000,2.0,65.6,2000,3.0,65.5,2600,2,65.4,,180,100,7980,1:4.25.,1.071,330,1.055,5.03,14.0,
257,38.94,0.2,75.16,4.46,77.52,,337.47,78.41,,,,,,,,,,,,,17.7,75.5,6.8,6.9,190,150,22,70,nil,accept,,2023-11-01 00:00:00,2025-11-01 00:00:00,2025-06-08 00:00:00,0.1997264021887825,,2024-11-01 00:00:00,2025-11-01 00:00:00,2025-06-08 00:00:00,0.4,,2024-05-17 00:00:00,2026-05-17 00:00:00,2025-06-08 00:00:00,0.4698630136986301,,2024-07-01 00:00:00,2026-07-01 00:00:00,2025-06-08 00:00:00,0.5315068493150685,7982,800,280,65.8,78.6,,25,30,150,150,78.5,150,85.1,130,280,,0.33,,480,2.0,65.5,1000,2.0,65.4,2000,3.0,65.5,2600,2,65.4,,180,100,7982,1:4.25.,1.071,307,1.055,4.99,14.0,
271,37.91,0.3,74.51,4.51,77.48,,336.15,77.52,,,,,,,,,,,,,17.8,75.4,6.8,7.4,182,150,21,70,nil,accept,,2024-12-01 00:00:00,2026-12-01 00:00:00,2025-06-11 00:00:00,0.736986301369863,,2024-11-01 00:00:00,2025-11-01 00:00:00,2025-06-11 00:00:00,0.3917808219178082,,2024-05-17 00:00:00,2026-05-17 00:00:00,2025-06-11 00:00:00,0.4657534246575342,,2024-09-01 00:00:00,2026-09-01 00:00:00,2025-06-11 00:00:00,0.6123287671232877,7987,800,280,66.2,78.1,,25,30,150,150,78.2,150,78.1,130,280,,0.33,,480,2.0,65.7,1000,2.0,65.5,2000,3.0,65.5,2600,2,65.5,,180,100,7987,1:4.25.,1.07,301,1.056,5.04,14.2,
287,38.87,0.2,75.11,4.53,77.75,,337.34,78.19,,,,,,,,,,,,,17.8,75.4,6.8,7.12,162,100,21,70,nil,accept,,2024-12-01 00:00:00,2026-12-01 00:00:00,2025-06-14 00:00:00,0.7328767123287672,,2024-11-01 00:00:00,2025-11-01 00:00:00,2025-06-14 00:00:00,0.3835616438356164,,2024-05-17 00:00:00,2026-05-17 00:00:00,2025-06-14 00:00:00,0.4616438356164383,,2024-09-01 00:00:00,2026-09-01 00:00:00,2025-06-14 00:00:00,0.6082191780821918,7981,800,280,66.1,78.6,,25,30,150,150,78.5,150,85.5,130,280,,0.33,,480,2.0,65.4,1000,2.0,65.5,2000,3.0,65.5,2600,2,65.4,,180,100,7981,1:4.25.,1.07,314,1.056,4.98,14.1,
303,38.78,0.2,74.81,4.41,77.45,,337.44,78.6,,,,,,,,,,,,,18.0,75.1,6.8,7.22,242,150,28,70,nil,accept,,2024-12-01 00:00:00,2026-12-01 00:00:00,2025-06-18 00:00:00,0.7273972602739726,,2024-11-01 00:00:00,2025-11-01 00:00:00,2025-06-18 00:00:00,0.3726027397260274,,2024-05-17 00:00:00,2026-05-17 00:00:00,2025-06-18 00:00:00,0.4561643835616438,,2024-09-01 00:00:00,2026-09-01 00:00:00,2025-06-18 00:00:00,0.6027397260273972,7988,800,280,65.8,77.9,,25,30,150,150,78.1,150,85.1,130,280,,0.33,,480,2.0,65.4,1000,2.0,65.3,2000,3.0,65.4,2600,2,65.2,,180,100,7988,1:4.25.,1.071,291,1.057,4.82,14.4,
322,39.07,0.3,75.11,4.68,77.28,,337.16,78.3,,,,,,,,,,,,,18.4,74.9,6.8,7.12,218,150,32,80,nil,accept,,2024-12-01 00:00:00,2026-12-01 00:00:00,2025-06-22 00:00:00,0.7219178082191781,,2024-11-01 00:00:00,2025-11-01 00:00:00,2025-06-22 00:00:00,0.3616438356164383,,2024-05-17 00:00:00,2026-05-17 00:00:00,2025-06-22 00:00:00,0.4506849315068493,,2024-09-01 00:00:00,2026-09-01 00:00:00,2025-06-22 00:00:00,0.5972602739726027,7981,800,280,65.8,78.7,,25,30,150,150,78.6,150,85.3,130,280,,0.33,,480,2.0,65.2,1000,2.0,65.4,2000,3.0,65.3,2600,2,65.2,,180,100,7981,1:4.25.,1.071,305,1.057,4.99,14.3,
347,38.41,0.2,76.22,4.76,77.37,,336.01,78.5,,,,,,,,,,,,,17.9,74.8,6.7,7.21,241,150,34,80,nil,accept,,2024-12-01 00:00:00,2026-12-01 00:00:00,2025-06-27 00:00:00,0.7150684931506849,,2024-11-01 00:00:00,2025-11-01 00:00:00,2025-06-27 00:00:00,0.347945205479452,,2024-05-17 00:00:00,2026-05-17 00:00:00,2025-06-27 00:00:00,0.4438356164383562,,2024-09-01 00:00:00,2026-09-01 00:00:00,2025-06-27 00:00:00,0.5904109589041096,7984,800,280,65.7,78.6,,25,30,150,150,78.6,150,85.6,130,280,,0.33,,480,2.0,65.4,1000,2.0,65.5,2000,3.0,65.4,2600,2,65.5,,180,100,7984,1:4.25.,1.071,312,1.057,4.94,14.4,
363,39.02,0.2,77.14,4.83,77.56,,337.04,78.6,,,,,,,,,,,,,18.2,75.1,6.8,7.41,232,150,37,90,nil,accept,,2024-12-01 00:00:00,2026-12-01 00:00:00,2025-07-01 00:00:00,0.7095890410958904,,2024-11-01 00:00:00,2025-11-01 00:00:00,2025-07-01 00:00:00,0.336986301369863,,2024-05-17 00:00:00,2026-05-17 00:00:00,2025-07-01 00:00:00,0.4383561643835616,,2024-07-01 00:00:00,2026-07-01 00:00:00,2025-07-01 00:00:00,0.5,7981,800,280,66.1,78.5,,25,30,150,150,78.5,150,85.2,130,280,,0.33,,480,2.0,65.5,1000,2.0,65.6,2000,3.0,65.4,2600,2,65.5,,180,100,7981,1:4.25.,1.071,308,1.057,4.99,14.5,
380,38.47,0.2,75.12,4.69,77.75,,338.81,78.99,,,,,,,,,,,,,17.8,75.4,6.8,7.38,267,150,34,90,nil,accept,,2024-12-01 00:00:00,2026-12-01 00:00:00,2025-07-04 00:00:00,0.7054794520547946,,2024-11-01 00:00:00,2025-11-01 00:00:00,2025-07-04 00:00:00,0.3287671232876712,,2024-05-17 00:00:00,2026-05-17 00:00:00,2025-07-04 00:00:00,0.4342465753424657,,2024-07-01 00:00:00,2026-07-01 00:00:00,2025-07-04 00:00:00,0.4958904109589041,7982,800,280,66.1,78.8,,25,30,150,150,78.6,150,85.8,130,280,,0.33,,480,2.0,65.8,1000,2.0,65.6,2000,3.0,65.8,2600,2,65.6,,180,100,7982,1:4.25.,1.071,312,1.057,4.99,14.4,
398,38.9,0.3,74.71,4.82,77.72,,336.78,78.02,,,,,,,,,,,,,18.5,74.6,6.9,7.39,211,100,22,90,nil,accept,,2024-12-01 00:00:00,2026-12-01 00:00:00,2025-07-09 00:00:00,0.6986301369863014,,2024-11-01 00:00:00,2025-11-01 00:00:00,2025-07-09 00:00:00,0.3150684931506849,,2024-05-17 00:00:00,2026-05-17 00:00:00,2025-07-09 00:00:00,0.4273972602739726,,2024-07-01 00:00:00,2026-07-01 00:00:00,2025-07-09 00:00:00,0.4890410958904109,7981,800,280,66.3,78.4,,25,30,150,150,78.0,150,85.1,130,280,,0.33,,480,2.0,65.6,1000,2.0,65.8,2000,3.0,65.6,2600,2,65.5,,180,100,7981,1:4.25.,1.072,298,1.056,5.1,14.2,
419,39.16,0.2,76.11,4.63,77.79,,336.69,77.78,,,,,,,,,,,,,18.2,75.1,6.8,7.46,172,150,16,80,nil,accept,,2025-01-01 00:00:00,2026-01-01 00:00:00,2025-07-14 00:00:00,0.4684931506849315,,2025-02-01 00:00:00,2026-02-01 00:00:00,2025-07-14 00:00:00,0.5534246575342465,,2024-05-17 00:00:00,2026-05-17 00:00:00,2025-07-14 00:00:00,0.4205479452054794,,2024-07-01 00:00:00,2026-07-01 00:00:00,2025-07-14 00:00:00,0.4821917808219178,7981,800,280,65.9,78.9,,25,30,150,150,78.9,150,85.1,130,280,,0.33,,480,2.0,65.7,1000,2.0,65.5,2000,3.0,65.4,2600,2,65.6,,180,100,7981,1:4.25.,1.071,310,1.056,4.75,14.2,
435,38.41,0.3,78.26,4.87,77.4,,337.53,78.26,,,,,,,,,,,,,18.1,74.7,6.7,7.31,212,150,21,90,nil,accept,,2025-01-01 00:00:00,2026-01-01 00:00:00,2025-07-17 00:00:00,0.4602739726027397,,2025-02-01 00:00:00,2026-02-01 00:00:00,2025-07-17 00:00:00,0.5452054794520548,,2024-05-17 00:00:00,2026-05-17 00:00:00,2025-07-17 00:00:00,0.4164383561643835,,2024-07-01 00:00:00,2026-07-01 00:00:00,2025-07-17 00:00:00,0.4780821917808219,7983,800,280,66.0,78.7,,25,30,150,150,78.7,150,85.3,130,280,,0.33,,480,2.0,65.6,1000,2.0,65.5,2000,3.0,65.6,2600,2,65.5,,180,100,7983,1:4.25.,1.072,308,1.058,4.91,14.4,
455,37.82,0.2,79.22,4.48,77.7,,334.71,79.22,,,,,,,,,,,,,18.5,74.4,6.8,7.24,191,150,23,50,nil,accept,,2025-01-01 00:00:00,2026-01-01 00:00:00,2025-07-21 00:00:00,0.4493150684931506,,2025-02-01 00:00:00,2026-02-01 00:00:00,2025-07-21 00:00:00,0.5342465753424658,,2024-05-17 00:00:00,2026-05-17 00:00:00,2025-07-21 00:00:00,0.410958904109589,,2024-07-01 00:00:00,2026-07-01 00:00:00,2025-07-21 00:00:00,0.4726027397260274,7984,800,280,66.0,78.1,,25,30,150,150,78.1,150,85.1,130,280,,0.33,,480,2.0,65.5,1000,2.0,65.6,2000,3.0,65.5,2600,2,65.2,,180,100,7984,1:4.25.,1.07,309,1.057,4.95,14.4,
473,38.91,0.3,76.68,4.57,77.62,,334.79,77.98,,,,,,,,,,,,,18.9,74.3,6.8,7.31,187,100,13,75,nil,accept,,2025-01-01 00:00:00,2026-01-01 00:00:00,2025-07-25 00:00:00,0.4383561643835616,,2025-02-01 00:00:00,2026-02-01 00:00:00,2025-07-25 00:00:00,0.5232876712328767,,2024-05-17 00:00:00,2026-05-17 00:00:00,2025-07-25 00:00:00,0.4054794520547945,,2024-07-01 00:00:00,2026-07-01 00:00:00,2025-07-25 00:00:00,0.4671232876712329,7985,800,280,66.0,78.8,,25,30,150,150,78.6,150,85.1,130,280,,0.33,,480,2.0,65.6,1000,2.0,65.7,2000,3.0,65.5,2600,2,65.4,,180,100,7985,1:4.25.,1.07,302,1.057,4.89,14.4,
489,38.16,0.3,74.89,4.83,77.76,,335.81,78.16,,,,,,,,,,,,,18.5,74.3,6.8,7.36,182,150,23,100,nil,accept,,2025-01-01 00:00:00,2026-01-01 00:00:00,2025-07-29 00:00:00,0.4273972602739726,,2025-02-01 00:00:00,2026-02-01 00:00:00,2025-07-29 00:00:00,0.5123287671232877,,2024-05-17 00:00:00,2026-05-17 00:00:00,2025-07-29 00:00:00,0.4,,2024-07-01 00:00:00,2026-07-01 00:00:00,2025-07-29 00:00:00,0.4616438356164383,7984,800,280,65.9,78.6,,25,30,150,150,78.4,150,85.2,130,280,,0.33,,480,2.0,65.5,1000,2.0,65.6,2000,3.0,65.4,2600,2,65.4,,180,100,7984,1:4.25.,1.071,312,1.056,4.97,14.2,
505,38.21,0.3,76.21,4.73,77.6,,335.42,78.68,,,,,,,,,,,,,18.7,74.0,6.9,7.07,175,100,16,50,nil,accept,,2025-01-01 00:00:00,2026-01-01 00:00:00,2025-08-01 00:00:00,0.4191780821917808,,2025-02-01 00:00:00,2026-02-01 00:00:00,2025-08-01 00:00:00,0.5041095890410959,,2024-05-17 00:00:00,2026-05-17 00:00:00,2025-08-01 00:00:00,0.3958904109589041,,2024-07-01 00:00:00,2026-07-01 00:00:00,2025-08-01 00:00:00,0.4575342465753425,7982,800,280,66.1,78.6,,25,30,150,150,78.6,150,85.0,130,280,,0.33,,480,2.0,65.6,1000,2.0,65.6,2000,3.0,65.5,2600,2,65.5,,180,100,7982,1:4.25.,1.071,300,1.057,4.9,14.4,
522,38.87,0.2,75.44,4.56,78.67,,335.11,78.67,,,,,,,,,,,,,18.7,74.4,7.0,7.28,187,100,24,50,nil,accept,,2025-01-01 00:00:00,2026-01-01 00:00:00,2025-08-05 00:00:00,0.4082191780821917,,2025-02-01 00:00:00,2026-02-01 00:00:00,2025-08-05 00:00:00,0.4931506849315068,,2024-05-17 00:00:00,2026-05-17 00:00:00,2025-08-05 00:00:00,0.3904109589041096,,2024-07-01 00:00:00,2026-07-01 00:00:00,2025-08-05 00:00:00,0.4520547945205479,7986,800,280,66.0,78.5,,25,30,150,150,78.5,150,85.2,130,280,,0.33,,480,2.0,65.8,1000,2.0,65.8,2000,3.0,65.8,2600,2,65.7,,180,100,7986,1:4.25.,1.071,300,1.056,4.91,14.4,
539,38.94,0.2,76.18,4.71,78.0,,333.81,78.58,,,,,,,,,,,,,18.8,74.3,6.7,7.21,191,100,19,75,nil,accept,,2025-01-01 00:00:00,2026-01-01 00:00:00,2025-08-08 00:00:00,0.4,,2025-02-01 00:00:00,2026-02-01 00:00:00,2025-08-08 00:00:00,0.4849315068493151,,2024-05-17 00:00:00,2026-05-17 00:00:00,2025-08-08 00:00:00,0.3863013698630137,,2024-07-01 00:00:00,2026-07-01 00:00:00,2025-08-08 00:00:00,0.447945205479452,8102,800,280,66.2,78.5,,25,30,150,150,78.5,150,85.5,130,280,,0.33,,480,2.0,66.0,1000,2.0,66.1,2000,3.0,65.9,2600,2,65.8,,180,100,8102,1:4.25.,1.072,300,1.059,5.02,14.6,
640,41.98,0.3,86.24,4.28,81.74,,358.65,85.84,,,,,,,,,,,,,19.1,74.1,6.7,7.07,172,100,21,50,nil,accept,,2025-01-01 00:00:00,2026-01-01 00:00:00,2025-08-29 00:00:00,0.3424657534246575,,2025-03-01 00:00:00,2026-03-01 00:00:00,2025-08-29 00:00:00,0.5041095890410959,,2024-06-17 00:00:00,2026-06-17 00:00:00,2025-08-29 00:00:00,0.4,,2024-09-01 00:00:00,2026-09-01 00:00:00,2025-08-29 00:00:00,0.5041095890410959,7982,800,280,65.8,78.8,,25,30,150,150,78.8,150,85.1,130,280,,0.33,,480,2.0,65.5,1000,2.0,65.8,2000,3.0,65.7,2600,2,65.6,,180,100,7982,1:4.25.,1.081,325,1.061,4.99,15.0,
659,42.74,0.2,86.58,4.31,79.91,,358.64,85.47,,,,,,,,,,,,,18.8,74.4,6.8,7.08,164,100,18,50,nil,accept,,2025-01-01 00:00:00,2026-01-01 00:00:00,2025-09-02 00:00:00,0.3315068493150685,,2025-03-01 00:00:00,2026-03-01 00:00:00,2025-09-02 00:00:00,0.4931506849315068,,2024-06-17 00:00:00,2026-06-17 00:00:00,2025-09-02 00:00:00,0.3945205479452054,,2024-09-01 00:00:00,2026-09-01 00:00:00,2025-09-02 00:00:00,0.4986301369863014,7987,800,280,65.8,78.6,,25,30,150,150,78.6,150,85.1,130,280,,0.33,,480,2.0,65.8,1000,2.0,65.7,2000,3.0,65.6,2600,2,65.6,,180,100,7987,1:4.25.,1.081,345,1.059,4.97,14.6,
689,42.24,0.3,86.43,4.35,79.84,,360.21,86.27,,,,,,,,,,,,,19.1,74.2,6.8,7.12,191,100,18,50,nil,accept,,2025-01-01 00:00:00,2027-01-01 00:00:00,2025-09-09 00:00:00,0.6561643835616439,,2025-03-01 00:00:00,2026-03-01 00:00:00,2025-09-09 00:00:00,0.473972602739726,,2024-06-17 00:00:00,2026-06-17 00:00:00,2025-09-09 00:00:00,0.384931506849315,,2024-09-01 00:00:00,2026-09-01 00:00:00,2025-09-09 00:00:00,0.4890410958904109,7980,800,280,66.0,78.4,,25,30,150,150,78.4,150,85.2,130,280,,0.33,,480,2.0,65.6,1000,2.0,65.8,2000,3.0,65.6,2600,2,65.8,,180,100,7980,1:4.25.,1.08,312,1.058,4.94,14.4,
